{
  "Users": [
    {
      "id": 1,
      "Title": "Network & Analysis",
      "Author": "Floyd E. Toole",
      "Subject": "N&A",
      "Rack_No": 1
    },
    {
      "id": 2,
      "Title": "Control System ",
      "Author": "Davis",
      "Subject": "CS",
      "Rack_No": 2
    },
    {
      "id": 3,
      "Title": "Oject Oriented Programming & Data Structure",
      "Author": "Erich Gamma",
      "Subject": "OOPS",
      "Rack_No": 3
    },
    {
      "id": 4,
      "Title": "Computer Netwrok",
      "Author": "Jeffrey E. F. Friedl ",
      "Subject": "CN",
      "Rack_No": 3
    },
    {
      "id": 5,
      "Title": "Mathematics for Engineers and Scientists",
      "Author": "Alan Jeffrey",
      "Subject": "ME",
      "Rack_No": 4
    },
    {
      "id": 6,
      "Title": "Electronic Devices & Circuit",
      "Author": "J. Duncan Glover",
      "Subject": "EDC",
      "Rack_No": 1
    },
    {
      "id": 7,
      "Title": "Microprocessor & Microcontroler",
      "Author": "Gregory L. Charvat",
      "Subject": "MP&MC",
      "Rack_No": 2
    },
    {
      "id": 8,
      "Title": "Television & Optical Communication",
      "Author": "Constantine A. Balanis ",
      "Subject": "OC&TV",
      "Rack_No": 1
    },
    {
      "id": 9,
      "Title": "Data Engineering with Python",
      "Author": "Paul Crickard",
      "Subject": "DE",
      "Rack_No": 3
    },
    {
      "id": 10,
      "Title": "Machine Learning Engineering",
      "Author": "Andriy Burkov",
      "Subject": "MLE",
      "Rack_No": 3
    },
    {
      "Title": "Engineering Drawing",
      "Author": "M N Lala",
      "Subject": "ED",
      "id": "12",
      "Rack_No": "4"
    },
    {
      "id": "13",
      "Title": "Machine Design",
      "Author": " J D Gupta",
      "Subject": "MD",
      "Rack_No": "2"
    }
  ]
}